Id,Class
1,4
2,6
3,1
4,6
5,4
6,6
7,4
8,4
9,6
10,4
11,6
12,3
13,2
14,1
15,1
16,2
17,6
18,6
19,4
20,1
21,6
22,4
23,4
24,4
25,3
26,5
27,1
28,2
29,6
30,1
31,6
32,4
33,6
34,1
35,4
36,2
37,4
38,6
39,1
40,4
41,6
42,4
43,2
44,3
45,4
46,1
47,4
48,4
49,1
50,1
51,1
52,3
53,1
54,1
55,4
56,4
57,2
58,6
59,6
60,6
61,2
62,1
63,4
64,2
65,4
66,6
67,3
68,1
69,3
70,4
71,4
72,4
73,6
74,2
75,4
76,6
77,6
78,1
79,4
80,6
81,4
82,4
83,6
84,4
85,1
86,1
87,1
88,1
89,6
90,6
91,3
92,2
93,1
94,1
95,4
96,5
97,2
98,6
99,6
100,4
101,2
102,1
103,1
104,2
105,4
106,1
107,6
108,1
109,5
110,4
111,1
112,1
113,4
114,2
115,2
116,1
117,1
118,2
119,4
120,4
121,6
122,6
123,2
124,2
125,6
126,2
127,3
128,6
129,2
130,3
131,4
132,4
133,1
134,1
135,2
136,1
137,3
138,3
139,6
140,2
141,1
142,2
143,6
144,6
145,2
146,2
147,1
148,1
149,4
150,5
151,6
152,6
153,4
154,3
155,1
156,6
157,2
158,2
159,4
160,6
161,1
162,4
163,2
164,2
165,4
166,4
167,1
168,3
169,3
170,1
171,3
172,4
173,4
174,3
175,3
176,6
177,4
178,1
179,4
180,1
181,6
182,2
183,6
184,6
185,2
186,4
187,4
188,1
189,6
190,3
191,2
192,1
193,2
194,6
195,1
196,6
197,1
198,6
199,4
200,3
201,1
202,4
203,1
204,1
205,4
206,1
207,6
208,4
209,4
210,3
211,3
212,1
213,4
214,4
215,3
216,1
217,6
218,6
219,4
220,2
221,6
222,4
223,4
224,6
225,4
226,5
227,6
228,4
229,1
230,6
231,1
232,2
233,6
234,6
235,4
236,1
237,1
238,3
239,3
240,4
241,1
242,4
243,4
244,4
245,6
246,3
247,6
248,6
249,6
250,1
251,2
252,4
253,6
254,6
255,1
256,2
257,3
258,1
259,1
260,4
261,4
262,2
263,4
264,3
265,2
266,1
267,1
268,2
269,2
270,1
271,2
272,4
273,2
274,2
275,4
276,3
277,1
278,3
279,1
280,4
281,1
282,4
283,2
284,3
285,6
286,4
287,6
288,1
289,4
290,3
291,1
292,2
293,1
294,1
295,4
296,4
297,4
298,4
299,1
300,1
301,1
302,2
303,4
304,3
305,2
306,6
307,2
308,4
309,6
310,2
311,4
312,1
313,4
314,3
315,4
316,1
317,2
318,6
319,6
320,1
321,4
322,4
323,2
324,4
325,5
326,1
327,4
328,4
329,2
330,6
331,2
332,4
333,5
334,6
335,1
336,4
337,5
338,1
339,1
340,4
341,4
342,1
343,5
344,1
345,2
346,4
347,4
348,6
349,2
350,4
351,1
352,6
353,1
354,1
355,4
356,1
357,1
358,6
359,3
360,4
361,1
362,4
363,1
364,2
365,4
366,1
367,3
368,4
369,6
370,4
371,6
372,1
373,3
374,2
375,1
376,6
377,3
378,6
379,1
380,1
381,4
382,1
383,6
384,2
385,6
386,5
387,4
388,1
389,3
390,2
391,1
392,3
393,4
394,4
395,4
396,4
397,3
398,2
399,1
400,4
401,2
402,6
403,3
404,6
405,6
406,4
407,1
408,4
409,1
410,6
411,4
412,4
413,1
414,3
415,6
416,4
417,4
418,6
419,4
420,1
421,1
422,3
423,4
424,1
425,4
426,4
427,2
428,1
429,1
430,4
431,4
432,4
433,1
434,2
435,2
436,3
437,4
438,1
439,1
440,2
441,1
442,2
443,2
444,3
445,6
446,2
447,1
448,4
449,2
450,6
451,1
452,1
453,3
454,4
455,3
456,2
457,4
458,2
459,5
460,6
461,1
462,6
463,1
464,2
465,4
466,1
467,3
468,4
469,2
470,4
471,5
472,4
473,1
474,4
475,4
476,3
477,4
478,2
479,4
480,4
481,4
482,4
483,1
484,2
485,4
486,6
487,4
488,1
489,2
490,1
491,6
492,1
493,4
494,1
495,2
496,2
497,2
498,4
499,4
500,1
501,2
502,3
503,2
504,6
505,6
506,5
507,1
508,5
509,4
510,4
511,1
512,2
513,1
514,1
515,5
516,3
517,4
518,2
519,6
520,1
521,6
522,3
523,2
524,6
525,4
526,4
527,1
528,4
529,4
530,6
531,2
532,4
533,3
534,1
535,6
536,1
537,4
538,1
539,2
540,4
541,1
542,4
543,6
544,4
545,1
546,2
547,1
548,6
549,3
550,4
551,3
552,1
553,5
554,4
555,4
556,4
557,1
558,2
559,3
560,4
561,6
562,3
563,3
564,4
565,4
566,2
567,6
568,4
569,4
570,6
571,3
572,1
573,4
574,4
575,3
576,1
577,5
578,1
579,4
580,1
581,6
582,6
583,4
584,2
585,4
586,3
587,4
588,2
589,4
590,6
591,4
592,2
593,3
594,2
595,4
596,3
597,5
598,6
599,6
600,2
601,4
602,1
603,2
604,6
605,6
606,4
607,2
608,2
609,4
610,1
611,6
612,6
613,4
614,1
615,2
616,4
617,6
618,1
619,3
620,1
621,4
622,2
623,1
624,4
625,4
626,2
627,1
628,3
629,4
630,2
631,4
632,2
633,4
634,4
635,6
636,5
637,1
638,1
639,6
640,4
641,4
642,2
643,4
644,2
645,1
646,6
647,4
648,6
649,4
650,1
651,2
652,1
653,4
654,1
655,4
656,4
657,6
658,2
659,2
660,3
661,2
662,4
663,1
664,6
665,4
666,6
667,5
668,2
669,6
670,1
671,1
672,6
673,6
674,4
675,6
676,2
677,2
678,3
679,4
680,5
681,6
682,1
683,4
684,6
685,4
686,1
687,4
688,6
689,1
690,6
691,2
692,4
693,1
694,4
695,2
696,6
697,5
698,4
699,6
700,6
701,4
702,2
703,6
704,6
705,6
706,4
707,2
708,4
709,3
710,2
711,2
712,6
713,4
714,2
715,6
716,3
717,4
718,2
719,4
720,5
721,1
722,5
723,2
724,1
725,1
726,2
727,6
728,2
729,1
730,1
731,1
732,1
733,3
734,6
735,4
736,4
737,6
738,4
739,1
740,3
741,2
742,1
743,3
744,3
745,4
746,6
747,6
748,4
749,3
750,4
751,1
752,6
753,1
754,4
755,1
756,1
757,1
758,4
759,4
760,2
761,1
762,6
763,1
764,4
765,1
766,2
767,3
768,3
769,4
770,2
771,3
772,6
773,1
774,4
775,4
776,5
777,1
778,2
779,6
780,4
781,6
782,3
783,1
784,6
785,4
786,4
787,3
788,4
789,4
790,4
791,3
792,4
793,4
794,4
795,6
796,1
797,2
798,4
799,4
800,1
801,3
802,1
803,4
804,1
805,6
806,4
807,2
808,6
809,1
810,2
811,4
812,1
813,2
814,2
815,1
816,1
817,4
818,2
819,6
820,4
821,4
822,1
823,3
824,5
825,6
826,1
827,4
828,4
829,2
830,6
831,3
832,1
833,4
834,4
835,6
836,4
837,5
838,6
839,4
840,4
841,2
842,1
843,2
844,4
845,4
846,1
847,2
848,6
849,3
850,2
851,6
852,5
853,3
854,4
855,4
856,1
857,2
858,4
859,1
860,1
861,1
862,6
863,3
864,4
865,3
866,4
867,3
868,5
869,2
870,6
871,4
872,4
873,1
874,4
875,2
876,4
877,1
878,4
879,4
880,1
881,4
882,1
883,6
884,1
885,3
886,4
887,2
888,4
889,1
890,6
891,2
892,4
893,3
894,4
895,4
896,4
897,4
898,3
899,4
900,5
901,2
902,4
903,4
904,4
905,2
906,6
907,3
908,4
909,6
910,6
911,4
912,4
913,6
914,2
915,1
916,1
917,4
918,6
919,2
920,1
921,4
922,3
923,6
924,1
925,1
926,4
927,5
928,4
929,1
930,3
931,6
932,4
933,4
934,5
935,6
936,1
937,3
938,5
939,6
940,3
941,6
942,4
943,5
944,6
945,2
946,2
947,4
948,6
949,1
950,6
951,2
952,1
953,3
954,2
955,2
956,2
957,6
958,2
959,6
960,4
961,5
962,2
963,4
964,4
965,6
966,2
967,4
968,6
969,3
970,3
971,4
972,6
973,6
974,6
975,6
976,3
977,1
978,6
979,6
980,3
981,2
982,1
983,4
984,4
985,4
986,1
987,4
988,2
989,1
990,1
991,5
992,3
993,4
994,4
995,6
996,4
997,6
998,6
999,1
1000,3
1001,6
1002,4
1003,6
1004,6
1005,2
1006,1
1007,3
1008,1
1009,4
1010,6
1011,6
1012,4
1013,1
1014,3
1015,2
1016,2
1017,1
1018,6
1019,3
1020,6
1021,3
1022,4
1023,6
1024,4
1025,2
1026,4
1027,3
1028,4
1029,4
1030,4
1031,2
1032,5
1033,1
1034,4
1035,3
1036,1
1037,3
1038,2
1039,3
1040,4
1041,3
1042,3
1043,1
1044,1
1045,5
1046,4
1047,6
1048,4
1049,4
1050,1
1051,3
1052,5
1053,4
1054,4
1055,4
1056,1
1057,4
1058,5
1059,2
1060,1
1061,4
1062,4
1063,4
1064,4
1065,1
1066,1
1067,1
1068,2
1069,1
1070,1
1071,1
1072,1
1073,4
1074,4
1075,2
1076,4
1077,4
1078,1
1079,1
1080,1
1081,6
1082,1
1083,4
1084,3
1085,1
1086,6
1087,1
1088,6
1089,2
1090,1
1091,4
1092,4
1093,6
1094,4
1095,1
1096,4
1097,1
1098,3
1099,6
1100,3
1101,4
1102,2
1103,1
1104,6
1105,3
1106,4
1107,3
1108,4
1109,2
1110,6
1111,4
1112,1
1113,4
1114,4
1115,1
1116,6
1117,6
1118,6
1119,2
1120,4
1121,4
1122,1
1123,2
1124,4
1125,2
1126,1
1127,2
1128,3
1129,1
1130,4
1131,1
1132,4
1133,4
1134,1
1135,2
1136,6
1137,2
1138,3
1139,4
1140,2
1141,4
1142,3
1143,6
1144,2
1145,4
1146,4
1147,5
1148,1
1149,6
1150,2
1151,3
1152,6
1153,4
1154,6
1155,1
1156,1
1157,6
1158,4
1159,4
1160,6
1161,4
1162,4
1163,1
1164,2
1165,4
1166,4
1167,4
1168,1
1169,6
1170,1
1171,3
1172,2
1173,6
1174,4
1175,1
1176,3
1177,2
1178,3
1179,1
1180,3
1181,4
1182,4
1183,4
1184,4
1185,4
1186,4
1187,3
1188,4
1189,3
1190,4
1191,4
1192,6
1193,6
1194,1
1195,2
1196,2
1197,4
1198,3
1199,1
1200,2
1201,6
1202,4
1203,6
1204,4
1205,1
1206,1
1207,1
1208,1
1209,6
1210,4
1211,1
1212,1
1213,2
1214,2
1215,4
1216,1
1217,5
1218,2
1219,4
1220,1
1221,4
1222,6
1223,4
1224,4
1225,2
1226,4
1227,1
1228,3
1229,3
1230,4
1231,4
1232,1
1233,1
1234,1
1235,4
1236,4
1237,4
1238,4
1239,6
1240,4
1241,2
1242,4
1243,1
1244,4
1245,1
1246,1
1247,4
1248,4
1249,4
1250,6
1251,2
1252,4
1253,4
1254,1
1255,1
1256,1
1257,6
1258,4
1259,6
1260,1
1261,1
1262,2
1263,6
1264,6
1265,2
1266,1
1267,4
1268,4
1269,6
1270,2
1271,3
1272,6
1273,4
1274,4
1275,1
1276,6
1277,2
1278,2
1279,1
1280,4
1281,1
1282,2
1283,5
1284,2
1285,4
1286,1
1287,1
1288,5
1289,2
1290,1
1291,6
1292,3
1293,4
1294,2
1295,2
1296,4
1297,3
1298,4
1299,4
1300,1
1301,4
1302,1
1303,1
1304,4
1305,1
1306,1
1307,1
1308,1
1309,3
1310,3
1311,4
1312,2
1313,2
1314,1
1315,5
1316,4
1317,4
1318,6
1319,3
1320,1
1321,6
1322,2
1323,6
1324,1
1325,2
1326,6
1327,4
1328,1
1329,2
1330,4
1331,6
1332,6
1333,4
1334,3
1335,6
1336,1
1337,3
1338,4
1339,3
1340,1
1341,1
1342,6
1343,3
1344,1
1345,6
1346,6
1347,1
1348,6
1349,4
1350,2
1351,2
1352,2
1353,3
1354,4
1355,1
1356,4
1357,4
1358,2
1359,4
1360,1
1361,3
1362,2
1363,3
1364,6
1365,2
1366,2
1367,1
1368,4
1369,6
1370,2
1371,4
1372,2
1373,2
1374,6
1375,4
1376,1
1377,4
1378,6
1379,4
1380,4
1381,6
1382,6
1383,6
1384,1
1385,3
1386,2
1387,5
1388,1
1389,2
1390,6
1391,6
1392,1
1393,3
1394,6
1395,1
1396,6
1397,2
1398,5
1399,1
1400,2
1401,1
1402,6
1403,6
1404,2
1405,1
1406,1
1407,1
1408,3
1409,6
1410,6
1411,1
1412,3
1413,6
1414,4
1415,1
1416,3
1417,3
1418,4
1419,2
1420,6
1421,4
1422,4
1423,4
1424,1
1425,4
1426,2
1427,4
1428,4
1429,2
1430,3
1431,6
1432,4
1433,1
1434,1
1435,2
1436,2
1437,4
1438,2
1439,1
1440,4
1441,5
1442,4
1443,6
1444,6
1445,4
1446,6
1447,2
1448,4
1449,1
1450,6
1451,4
1452,6
1453,4
1454,2
1455,1
1456,4
1457,1
1458,1
1459,4
1460,5
1461,1
1462,1
1463,4
1464,1
1465,1
1466,1
1467,6
1468,1
1469,4
1470,1
1471,6
1472,6
1473,4
1474,3
1475,4
1476,5
1477,6
1478,5
1479,4
1480,4
1481,2
1482,1
1483,6
1484,6
1485,6
1486,4
1487,4
1488,4
1489,1
1490,1
1491,3
1492,6
1493,6
1494,4
1495,4
1496,1
1497,4
1498,4
1499,3
1500,1
1501,4
1502,4
1503,6
1504,3
1505,4
1506,4
1507,5
1508,2
1509,4
1510,4
1511,6
1512,4
1513,4
1514,4
1515,4
1516,4
1517,2
1518,4
1519,4
1520,1
1521,2
1522,6
1523,4
1524,1
1525,2
1526,4
1527,6
1528,2
1529,1
1530,6
1531,2
1532,6
1533,2
1534,1
1535,6
1536,4
1537,2
1538,3
1539,4
1540,4
1541,4
1542,3
1543,1
1544,3
1545,4
1546,6
1547,5
1548,2
1549,4
1550,4
1551,2
1552,3
1553,1
1554,4
1555,6
1556,1
1557,6
1558,3
1559,2
1560,4
1561,1
1562,4
1563,3
1564,2
1565,1
1566,2
1567,4
1568,6
1569,4
1570,1
1571,2
1572,4
1573,2
1574,1
1575,4
1576,1
1577,2
1578,2
1579,4
1580,4
1581,6
1582,6
1583,6
1584,6
1585,1
1586,6
1587,4
1588,6
1589,6
1590,3
1591,4
1592,4
1593,3
1594,4
1595,4
1596,4
1597,6
1598,4
1599,2
1600,5
1601,1
1602,1
1603,4
1604,6
1605,1
1606,2
1607,6
1608,4
1609,6
1610,6
1611,1
1612,4
1613,1
1614,1
1615,1
1616,4
1617,4
1618,2
1619,1
1620,6
1621,1
1622,4
1623,6
1624,3
1625,4
1626,4
1627,2
1628,2
1629,3
1630,1
1631,6
1632,6
1633,1
1634,6
1635,3
1636,4
1637,6
1638,6
1639,1
1640,4
1641,2
1642,4
1643,2
1644,3
1645,1
1646,2
1647,1
1648,4
1649,3
1650,3
1651,1
1652,4
1653,4
1654,1
1655,4
1656,6
1657,4
1658,2
1659,6
1660,1
1661,4
1662,4
1663,4
1664,5
1665,2
1666,4
1667,1
1668,6
1669,6
1670,1
1671,3
1672,2
1673,4
1674,4
1675,2
1676,6
1677,2
1678,3
1679,6
1680,4
1681,6
1682,4
1683,2
1684,1
1685,2
1686,3
1687,1
1688,4
1689,1
1690,2
1691,4
1692,4
1693,4
1694,1
1695,4
1696,2
1697,1
1698,1
1699,3
1700,1
1701,1
1702,6
1703,4
1704,4
1705,4
1706,3
1707,4
1708,3
1709,4
1710,4
1711,6
1712,4
1713,6
1714,2
1715,4
1716,2
1717,4
1718,6
1719,4
1720,4
1721,6
1722,1
1723,2
1724,1
1725,3
1726,2
1727,4
1728,6
1729,4
1730,5
1731,4
1732,1
1733,6
1734,5
1735,4
1736,3
1737,1
1738,4
1739,1
1740,1
1741,6
1742,3
1743,3
1744,3
1745,4
1746,4
1747,2
1748,3
1749,6
1750,5
1751,3
1752,4
1753,1
1754,4
1755,6
1756,1
1757,1
1758,4
1759,6
1760,6
1761,1
1762,4
1763,4
1764,1
1765,4
1766,4
1767,6
1768,2
1769,1
1770,4
1771,1
1772,5
1773,2
1774,4
1775,1
1776,4
1777,4
1778,1
1779,6
1780,6
1781,1
1782,4
1783,4
1784,4
1785,4
1786,4
1787,3
1788,4
1789,4
1790,5
1791,6
1792,5
1793,1
1794,4
1795,1
1796,4
1797,1
1798,4
1799,1
1800,4
1801,4
1802,6
1803,4
1804,6
1805,1
1806,2
1807,2
1808,1
1809,1
1810,4
1811,2
1812,2
1813,2
1814,4
1815,2
1816,5
1817,2
1818,4
1819,1
1820,1
1821,3
1822,4
1823,4
1824,1
1825,3
1826,4
1827,3
1828,1
1829,4
1830,1
1831,5
1832,6
1833,1
1834,2
1835,4
1836,3
1837,4
1838,1
1839,4
1840,4
1841,3
1842,1
1843,2
1844,4
1845,1
1846,1
1847,1
1848,4
1849,4
1850,3
1851,4
1852,6
1853,3
1854,5
1855,1
1856,5
1857,3
1858,2
1859,4
1860,4
1861,1
1862,4
1863,1
1864,6
1865,3
1866,4
1867,5
1868,6
1869,6
1870,1
1871,1
1872,1
1873,4
1874,4
1875,4
1876,1
1877,1
1878,4
1879,4
1880,3
1881,6
1882,4
1883,4
1884,2
1885,1
1886,1
1887,4
1888,2
1889,6
1890,4
1891,5
1892,3
1893,4
1894,6
1895,2
1896,2
1897,6
1898,6
1899,3
1900,2
1901,6
1902,5
1903,4
1904,1
1905,4
1906,2
1907,1
1908,6
1909,2
1910,3
1911,4
1912,4
1913,4
1914,6
1915,3
1916,4
1917,6
1918,1
1919,4
1920,2
1921,6
1922,1
1923,4
1924,4
1925,4
1926,3
1927,1
1928,1
1929,4
1930,6
1931,4
1932,2
1933,4
1934,1
1935,4
1936,4
1937,4
1938,2
1939,1
1940,4
1941,1
1942,1
1943,1
1944,4
1945,6
1946,6
1947,6
1948,4
1949,6
1950,1
1951,1
1952,6
1953,3
1954,6
1955,6
1956,4
1957,4
1958,1
1959,4
1960,4
1961,2
1962,4
1963,1
1964,3
1965,6
1966,4
1967,4
1968,3
1969,1
1970,6
1971,6
1972,4
1973,6
1974,1
1975,6
1976,2
1977,6
1978,1
1979,1
1980,4
1981,1
1982,1
1983,3
1984,4
1985,6
1986,1
1987,5
1988,4
1989,4
1990,2
1991,1
1992,4
1993,1
1994,2
1995,4
1996,6
1997,4
1998,6
1999,2
2000,6
2001,6
2002,1
2003,1
2004,4
2005,1
2006,3
2007,3
2008,6
2009,6
2010,4
2011,1
2012,6
2013,2
2014,4
2015,1
2016,6
2017,6
2018,1
2019,3
2020,4
2021,1
2022,3
2023,1
2024,1
2025,6
2026,6
2027,1
2028,4
2029,6
2030,1
2031,1
2032,4
2033,4
2034,4
2035,6
2036,2
2037,6
2038,3
2039,1
2040,6
2041,3
2042,5
2043,1
2044,6
2045,6
2046,6
2047,4
2048,2
2049,3
2050,6
2051,6
2052,4
2053,1
2054,4
2055,6
2056,4
2057,4
2058,5
2059,3
2060,2
2061,3
2062,4
2063,4
2064,6
2065,6
2066,4
2067,1
2068,4
2069,3
2070,4
2071,1
2072,1
2073,2
2074,2
2075,6
2076,4
2077,4
2078,3
2079,3
2080,1
2081,1
2082,1
2083,6
2084,4
2085,3
2086,4
2087,4
2088,6
2089,6
2090,2
2091,4
2092,1
2093,4
2094,3
2095,1
2096,2
2097,4
2098,4
2099,2
2100,6
2101,2
2102,1
2103,1
2104,4
2105,6
2106,4
2107,3
2108,6
2109,1
2110,4
2111,1
2112,4
2113,2
2114,4
2115,3
2116,4
2117,4
2118,6
2119,2
2120,4
2121,6
2122,4
2123,1
2124,6
2125,2
2126,4
2127,1
2128,1
2129,4
2130,3
2131,6
2132,6
2133,5
2134,2
2135,1
2136,1
2137,1
2138,3
2139,4
2140,4
2141,4
2142,4
2143,1
2144,6
2145,3
2146,4
2147,4
2148,5
2149,1
2150,6
2151,4
2152,3
2153,1
2154,6
2155,2
2156,4
2157,2
2158,3
2159,4
2160,1
2161,3
2162,2
2163,4
2164,6
2165,3
2166,1
2167,3
2168,1
2169,3
2170,1
2171,4
2172,1
2173,1
2174,4
2175,4
2176,6
2177,3
2178,3
2179,4
2180,4
2181,4
2182,3
2183,6
2184,4
2185,4
2186,3
2187,4
2188,1
2189,3
2190,1
2191,4
2192,6
2193,4
2194,5
2195,4
2196,4
2197,5
2198,6
2199,2
2200,1
2201,2
2202,3
2203,4
2204,6
2205,1
2206,4
2207,4
2208,4
2209,2
2210,6
2211,4
2212,6
2213,6
2214,3
2215,6
2216,1
2217,6
2218,4
2219,2
2220,1
2221,1
2222,1
2223,4
2224,4
2225,4
2226,6
2227,2
2228,6
2229,3
2230,5
2231,4
2232,6
2233,4
2234,4
2235,4
2236,6
2237,6
2238,1
2239,6
2240,2
2241,4
2242,2
2243,6
2244,3
2245,6
2246,4
2247,1
2248,2
2249,4
2250,3
2251,1
2252,4
2253,2
2254,6
2255,2
2256,3
2257,1
2258,2
2259,2
2260,1
2261,1
2262,1
2263,4
2264,3
2265,2
2266,1
2267,1
2268,3
2269,4
2270,2
2271,4
2272,3
2273,2
2274,2
2275,6
2276,1
2277,2
2278,6
2279,6
2280,1
2281,2
2282,1
2283,1
2284,4
2285,3
2286,4
2287,2
2288,1
2289,2
2290,3
2291,4
2292,1
2293,6
2294,6
2295,2
2296,6
2297,4
2298,4
2299,6
2300,5
2301,4
2302,3
2303,4
2304,3
2305,6
2306,1
2307,1
2308,4
2309,3
2310,6
2311,6
2312,1
2313,4
2314,2
2315,4
2316,4
2317,1
2318,4
2319,1
2320,1
2321,4
2322,2
2323,5
2324,1
2325,3
2326,1
2327,4
2328,2
2329,6
2330,2
2331,1
2332,1
2333,3
2334,3
2335,4
2336,4
2337,1
2338,6
2339,6
2340,3
2341,4
2342,3
2343,3
2344,1
2345,4
2346,6
2347,1
2348,6
2349,4
2350,5
2351,6
2352,2
2353,4
2354,4
2355,1
2356,2
2357,4
2358,3
2359,3
2360,6
2361,6
2362,2
2363,1
2364,3
2365,4
2366,1
2367,1
2368,6
2369,6
2370,4
2371,4
2372,1
2373,6
2374,3
2375,6
2376,4
2377,4
2378,4
2379,4
2380,6
2381,6
2382,1
2383,1
2384,6
2385,2
2386,6
2387,2
2388,4
2389,4
2390,3
2391,2
2392,1
2393,1
2394,2
2395,3
2396,2
2397,1
2398,3
2399,6
2400,4
2401,4
2402,4
2403,4
2404,2
2405,2
2406,6
2407,4
2408,2
2409,6
2410,3
2411,4
2412,4
2413,4
2414,3
2415,6
2416,4
2417,2
2418,4
2419,4
2420,2
2421,2
2422,3
2423,4
2424,1
2425,1
2426,5
2427,4
2428,1
2429,6
2430,4
2431,6
2432,6
2433,1
2434,6
2435,4
2436,4
2437,4
2438,3
2439,6
2440,1
2441,4
2442,4
2443,4
2444,1
2445,5
2446,4
2447,1
2448,6
2449,3
2450,6
2451,1
2452,4
2453,4
2454,4
2455,1
2456,4
2457,1
2458,2
2459,1
2460,5
2461,4
2462,6
2463,6
2464,1
2465,1
2466,5
2467,1
2468,6
2469,4
2470,4
2471,4
2472,2
2473,4
2474,4
2475,3
2476,1
2477,1
2478,3
2479,4
2480,3
2481,2
2482,4
2483,1
2484,4
2485,4
2486,4
2487,5
2488,3
2489,3
2490,2
2491,3
2492,1
2493,1
2494,2
2495,1
2496,2
2497,1
2498,1
2499,4
2500,4
2501,2
2502,3
2503,4
2504,1
2505,1
2506,4
2507,1
2508,6
2509,4
2510,1
2511,6
2512,6
2513,4
2514,3
2515,2
2516,3
2517,4
2518,4
2519,4
2520,2
2521,1
2522,4
2523,2
2524,2
2525,1
2526,3
2527,4
2528,3
2529,3
2530,3
2531,3
2532,6
2533,6
2534,6
2535,2
2536,6
2537,6
2538,4
2539,2
2540,5
2541,1
2542,6
2543,6
2544,3
2545,4
2546,1
2547,6
2548,4
2549,4
2550,1
2551,1
2552,6
2553,4
2554,1
2555,1
2556,5
2557,3
2558,4
2559,6
2560,6
2561,3
2562,4
2563,6
2564,3
2565,4
2566,1
2567,3
2568,6
2569,6
2570,3
2571,4
2572,4
2573,4
2574,4
2575,1
2576,1
2577,6
2578,4
2579,4
2580,6
2581,4
2582,1
2583,3
2584,1
2585,4
2586,6
2587,2
2588,2
2589,4
2590,1
2591,1
2592,6
2593,4
2594,1
2595,1
2596,2
2597,6
2598,1
2599,5
2600,2
2601,1
2602,4
2603,5
2604,6
2605,2
2606,4
2607,4
2608,4
2609,6
2610,2
2611,2
2612,1
2613,1
2614,6
2615,1
2616,1
2617,1
2618,2
2619,4
2620,4
2621,6
2622,5
2623,1
2624,2
2625,6
2626,4
2627,3
2628,1
2629,4
2630,2
2631,4
2632,6
2633,4
2634,2
2635,2
2636,2
2637,1
2638,6
2639,4
2640,4
2641,4
2642,6
2643,3
2644,4
2645,4
2646,6
2647,5
2648,4
2649,3
2650,6
2651,4
2652,1
2653,4
2654,3
2655,4
2656,4
2657,4
2658,4
2659,1
2660,2
2661,6
2662,1
2663,3
2664,1
2665,1
2666,1
2667,4
2668,1
2669,6
2670,4
2671,4
2672,2
2673,6
2674,2
2675,1
2676,3
2677,1
2678,1
2679,4
2680,2
2681,5
2682,2
2683,2
2684,6
2685,5
2686,4
2687,1
2688,6
2689,1
2690,3
2691,4
2692,3
2693,4
2694,4
2695,6
2696,4
2697,6
2698,1
2699,2
2700,4
2701,3
2702,2
2703,4
2704,6
2705,2
2706,1
2707,4
2708,1
2709,4
2710,4
2711,6
2712,3
2713,1
2714,6
2715,6
2716,4
2717,2
2718,4
2719,4
2720,4
2721,6
2722,4
2723,4
2724,4
2725,6
2726,1
2727,6
2728,6
2729,5
2730,4
2731,5
2732,3
2733,1
2734,4
2735,3
2736,4
2737,4
2738,3
2739,2
2740,5
2741,1
2742,6
2743,5
2744,4
2745,3
2746,3
2747,6
2748,1
2749,4
2750,4
2751,4
2752,2
2753,3
2754,4
2755,1
2756,3
2757,3
2758,4
2759,1
2760,4
2761,4
2762,6
2763,2
2764,1
2765,4
2766,1
2767,1
2768,3
2769,2
2770,4
2771,4
2772,2
2773,4
2774,1
2775,6
2776,1
2777,4
2778,6
2779,2
2780,4
2781,6
2782,2
2783,1
2784,1
2785,1
2786,3
2787,1
2788,1
2789,2
2790,4
2791,4
2792,4
2793,1
2794,2
2795,1
2796,6
2797,1
2798,3
2799,2
2800,2
2801,5
2802,6
2803,5
2804,4
2805,6
2806,4
2807,6
2808,4
2809,1
2810,1
2811,1
2812,4
2813,6
2814,4
2815,6
2816,5
2817,3
2818,3
2819,6
2820,1
2821,6
2822,6
2823,4
2824,4
2825,4
2826,1
2827,4
2828,5
2829,3
2830,4
2831,1
2832,6
2833,3
2834,1
2835,3
2836,4
2837,2
2838,4
2839,1
2840,1
2841,2
2842,2
2843,6
2844,4
2845,4
2846,3
2847,1
2848,6
2849,4
2850,6
2851,4
2852,4
2853,2
2854,4
2855,6
2856,4
2857,1
2858,4
2859,4
2860,3
2861,1
2862,6
2863,1
2864,6
2865,4
2866,2
2867,4
2868,5
2869,4
2870,4
2871,2
2872,5
2873,2
2874,4
2875,6
2876,1
2877,2
2878,3
2879,2
2880,1
2881,3
2882,6
2883,4
2884,5
2885,6
2886,4
2887,1
2888,2
2889,1
2890,6
2891,1
2892,6
2893,1
2894,6
2895,4
2896,2
2897,1
2898,1
2899,4
2900,1
2901,2
2902,4
2903,1
2904,2
2905,4
2906,4
2907,4
2908,2
2909,4
2910,2
2911,6
2912,1
2913,6
2914,2
2915,4
2916,3
2917,2
2918,1
2919,1
2920,4
2921,4
2922,2
2923,1
2924,4
2925,3
2926,2
2927,6
2928,4
2929,6
2930,1
2931,3
2932,4
2933,3
2934,6
2935,5
2936,1
2937,6
2938,3
2939,4
2940,1
2941,2
2942,2
2943,2
2944,6
2945,3
2946,1
2947,2
2948,1
2949,4
2950,2
2951,4
2952,1
2953,5
2954,2
2955,2
2956,4
2957,2
2958,6
2959,1
2960,4
2961,4
2962,4
2963,1
2964,2
2965,3
2966,6
2967,4
2968,5
2969,4
2970,4
2971,6
2972,1
2973,3
2974,6
2975,2
2976,5
2977,6
2978,6
2979,3
2980,4
2981,6
2982,6
2983,6
2984,4
2985,6
2986,1
2987,1
2988,6
2989,6
2990,1
2991,1
2992,2
2993,4
2994,1
2995,1
2996,1
2997,6
2998,2
2999,4
3000,4
3001,4
3002,6
3003,1
3004,4
3005,4
3006,4
3007,4
3008,6
3009,2
3010,3
3011,4
3012,4
3013,6
3014,6
3015,4
3016,3
3017,4
3018,1
3019,3
3020,3
3021,6
3022,4
3023,1
3024,3
3025,4
3026,1
3027,1
3028,4
3029,2
3030,3
3031,6
3032,5
3033,1
3034,2
3035,6
3036,2
3037,1
3038,1
3039,4
3040,6
3041,1
3042,3
3043,2
3044,4
3045,1
3046,4
3047,1
3048,4
3049,4
3050,4
3051,6
3052,4
3053,3
3054,2
3055,1
3056,1
3057,6
3058,2
3059,3
3060,4
3061,4
3062,4
3063,4
3064,4
3065,4
3066,3
3067,3
3068,2
3069,1
3070,1
3071,2
3072,3
3073,4
3074,5
3075,6
3076,6
3077,3
3078,3
3079,1
3080,6
3081,1
3082,4
3083,1
3084,4
3085,6
3086,4
3087,1
3088,1
3089,1
3090,6
3091,1
3092,6
3093,6
3094,2
3095,1
3096,6
3097,4
3098,3
3099,4
3100,1
3101,2
3102,1
3103,3
3104,2
3105,4
3106,3
3107,1
3108,2
3109,2
3110,4
3111,2
3112,4
3113,3
3114,6
3115,4
3116,3
3117,1
3118,1
3119,5
3120,6
3121,1
3122,3
3123,3
3124,4
3125,3
3126,3
3127,4
3128,6
3129,4
3130,4
3131,1
3132,4
3133,1
3134,4
3135,1
3136,6
3137,3
3138,3
3139,4
3140,1
3141,6
3142,6
3143,1
3144,4
3145,1
3146,4
3147,3
3148,6
3149,1
3150,5
3151,2
3152,3
3153,4
3154,2
3155,4
3156,3
3157,6
3158,6
3159,2
3160,6
3161,4
3162,2
3163,6
3164,4
3165,1
3166,1
3167,4
3168,6
3169,4
3170,6
3171,4
3172,6
3173,4
3174,3
3175,1
3176,2
3177,4
3178,3
3179,6
3180,3
3181,1
3182,6
3183,3
3184,2
3185,4
3186,5
3187,4
3188,4
3189,4
3190,1
3191,3
3192,1
3193,6
3194,6
3195,1
3196,1
3197,4
3198,1
3199,4
3200,1
3201,1
3202,4
3203,1
3204,4
3205,6
3206,5
3207,1
3208,3
3209,4
3210,6
3211,6
3212,1
3213,6
3214,1
3215,2
3216,1
3217,5
3218,4
3219,6
3220,6
3221,4
3222,4
3223,2
3224,1
3225,1
3226,4
3227,5
3228,6
3229,1
3230,4
3231,4
3232,4
3233,6
3234,6
3235,4
3236,4
3237,6
3238,1
3239,3
3240,1
3241,4
3242,2
3243,3
3244,1
3245,3
3246,6
3247,2
3248,1
3249,1
3250,5
3251,4
3252,4
3253,4
3254,4
3255,1
3256,4
3257,6
3258,3
3259,2
3260,2
3261,1
3262,4
3263,4
3264,3
3265,4
3266,1
3267,2
3268,1
3269,2
3270,6
3271,6
3272,6
3273,1
3274,2
3275,6
3276,2
3277,4
3278,6
3279,4
3280,5
3281,1
3282,4
3283,2
3284,4
3285,6
3286,2
3287,2
3288,2
3289,4
3290,4
3291,6
3292,4
3293,6
3294,1
3295,6
3296,5
3297,1
3298,2
3299,4
3300,6
3301,4
3302,4
3303,4
3304,4
3305,2
3306,2
3307,4
3308,1
3309,6
3310,4
3311,4
3312,1
3313,2
3314,5
3315,4
3316,2
3317,5
3318,1
3319,6
3320,2
3321,1
3322,4
3323,5
3324,1
3325,4
3326,6
3327,2
3328,1
3329,6
3330,1
3331,1
3332,1
3333,2
3334,4
3335,5
3336,5
3337,4
3338,4
3339,1
3340,4
3341,6
3342,2
3343,1
3344,6
3345,1
3346,1
3347,4
3348,4
3349,4
3350,2
3351,5
3352,2
3353,4
3354,6
3355,1
3356,6
3357,2
3358,3
3359,6
3360,1
3361,5
3362,6
3363,4
3364,3
3365,1
3366,4
3367,1
3368,4
3369,2
3370,2
3371,6
3372,1
3373,2
3374,4
3375,6
3376,6
3377,1
3378,1
3379,3
3380,5
3381,1
3382,2
3383,4
3384,6
3385,5
3386,3
3387,2
3388,1
3389,2
3390,6
3391,1
3392,4
3393,4
3394,4
3395,1
3396,6
3397,4
3398,4
3399,4
3400,3
3401,2
3402,6
3403,4
3404,6
3405,4
3406,6
3407,4
3408,1
3409,6
3410,1
3411,2
3412,4
3413,1
3414,6
3415,6
3416,1
3417,1
3418,6
3419,4
3420,6
3421,4
3422,1
3423,1
3424,4
3425,4
3426,3
3427,1
3428,4
3429,1
3430,1
3431,1
3432,1
3433,2
3434,1
3435,4
3436,3
3437,4
3438,4
3439,6
3440,4
3441,6
3442,4
3443,4
3444,2
3445,2
3446,1
3447,4
3448,2
3449,2
3450,1
3451,6
3452,4
3453,6
3454,4
3455,4
3456,4
3457,4
3458,2
3459,4
3460,4
3461,4
3462,4
3463,4
3464,6
3465,4
3466,4
3467,5
3468,4
3469,1
3470,4
3471,4
3472,4
3473,3
3474,4
3475,4
3476,2
3477,2
3478,6
3479,1
3480,3
3481,4
3482,2
3483,4
3484,6
3485,2
3486,6
3487,2
3488,2
3489,6
3490,4
3491,5
3492,3
3493,2
3494,4
3495,4
3496,1
3497,3
3498,5
3499,2
3500,1
3501,1
3502,3
3503,3
3504,1
3505,4
3506,6
3507,2
3508,1
3509,4
3510,6
3511,4
3512,2
3513,1
3514,3
3515,3
3516,3
3517,3
3518,1
3519,4
3520,4
3521,3
3522,4
3523,1
3524,4
3525,3
3526,6
3527,1
3528,2
3529,2
3530,2
3531,2
3532,4
3533,3
3534,1
3535,3
3536,1
3537,2
3538,4
3539,6
3540,4
3541,4
3542,1
3543,2
3544,1
3545,4
3546,2
3547,6
3548,1
3549,4
3550,1
3551,4
3552,4
3553,5
3554,1
3555,4
3556,1
3557,1
3558,6
3559,5
3560,1
3561,6
3562,1
3563,1
3564,1
3565,1
3566,6
3567,1
3568,1
3569,2
3570,6
3571,6
3572,6
3573,6
3574,1
3575,3
3576,2
3577,4
3578,6
3579,6
3580,4
3581,4
3582,4
3583,1
3584,6
3585,4
3586,6
3587,3
3588,4
3589,6
3590,1
3591,1
3592,1
3593,6
3594,2
3595,3
3596,4
3597,1
3598,4
3599,2
3600,1
3601,1
3602,4
3603,2
3604,1
3605,4
3606,6
3607,2
3608,2
3609,6
3610,4
3611,4
3612,1
3613,1
3614,5
3615,4
3616,2
3617,2
3618,6
3619,6
3620,6
3621,4
3622,2
3623,2
3624,1
3625,1
3626,4
3627,4
3628,3
3629,3
3630,4
3631,1
3632,4
3633,4
3634,4
3635,3
3636,6
3637,4
3638,1
3639,4
3640,6
3641,3
3642,6
3643,2
3644,3
3645,1
3646,4
3647,6
3648,2
3649,3
3650,6
3651,6
3652,4
3653,4
3654,3
3655,6
3656,4
3657,1
3658,6
3659,6
3660,6
3661,3
3662,3
3663,6
3664,4
3665,4
3666,6
3667,3
3668,4
3669,3
3670,1
3671,5
3672,6
3673,3
3674,4
3675,4
3676,4
3677,6
3678,4
3679,1
3680,1
3681,1
3682,6
3683,3
3684,4
3685,4
3686,3
3687,3
3688,1
3689,4
3690,6
3691,4
3692,3
3693,3
3694,4
3695,4
3696,1
3697,1
3698,4
3699,4
3700,3
3701,4
3702,1
3703,2
3704,6
3705,4
3706,4
3707,1
3708,4
3709,6
3710,4
3711,1
3712,2
3713,4
3714,3
3715,1
3716,2
3717,2
3718,4
3719,1
3720,3
3721,2
3722,4
3723,4
3724,2
3725,1
3726,4
3727,6
3728,4
3729,1
3730,2
3731,2
3732,6
3733,2
3734,4
3735,6
3736,4
3737,1
3738,3
3739,2
3740,1
3741,4
3742,4
3743,2
3744,4
3745,6
3746,4
3747,6
3748,1
3749,4
3750,1
3751,4
3752,4
3753,3
3754,4
3755,3
3756,4
3757,1
3758,4
3759,4
3760,6
3761,2
3762,4
3763,2
3764,4
3765,1
3766,4
3767,4
3768,1
3769,1
3770,2
3771,1
3772,3
3773,2
3774,4
3775,5
3776,6
3777,4
3778,6
3779,2
3780,6
3781,2
3782,1
3783,3
3784,4
3785,1
3786,1
3787,4
3788,3
3789,4
3790,5
3791,1
3792,4
3793,3
3794,6
3795,6
3796,4
3797,4
3798,6
3799,1
3800,2
3801,4
3802,3
3803,4
3804,1
3805,1
3806,4
3807,2
3808,4
3809,3
3810,2
3811,4
3812,4
3813,4
3814,4
3815,6
3816,4
3817,3
3818,2
3819,6
3820,1
3821,4
3822,2
3823,1
3824,1
3825,6
3826,1
3827,4
3828,6
3829,3
3830,3
3831,6
3832,3
3833,1
3834,5
3835,4
3836,2
3837,2
3838,3
3839,1
3840,4
3841,5
3842,2
3843,1
3844,4
3845,4
3846,4
3847,2
3848,6
3849,4
3850,4
3851,1
3852,3
3853,1
3854,1
3855,2
3856,4
3857,4
3858,4
3859,2
3860,2
3861,4
3862,4
3863,6
3864,1
3865,1
3866,1
3867,4
3868,1
3869,4
3870,1
3871,6
3872,2
3873,6
3874,2
3875,4
3876,5
3877,4
3878,1
3879,1
3880,2
3881,6
3882,6
3883,4
3884,2
3885,4
3886,4
3887,1
3888,3
3889,2
3890,1
3891,5
3892,4
3893,3
3894,6
3895,1
3896,3
3897,1
3898,5
3899,4
3900,1
3901,6
3902,3
3903,1
3904,6
3905,1
3906,2
3907,6
3908,1
3909,3
3910,6
3911,3
3912,4
3913,4
3914,1
3915,1
3916,1
3917,6
3918,6
3919,4
3920,1
3921,6
3922,6
3923,1
3924,2
3925,1
3926,1
3927,6
3928,6
3929,1
3930,1
3931,3
3932,6
3933,4
3934,4
3935,6
3936,5
3937,1
3938,2
3939,4
3940,4
3941,4
3942,2
3943,3
3944,4
3945,6
3946,1
3947,2
3948,6
3949,6
3950,1
3951,4
3952,4
3953,1
3954,6
3955,1
3956,6
3957,4
3958,1
3959,2
3960,4
3961,2
3962,1
3963,4
3964,1
3965,1
3966,4
3967,4
3968,4
3969,1
3970,2
3971,1
3972,1
3973,2
3974,4
3975,6
3976,4
3977,1
3978,4
3979,4
3980,4
3981,3
3982,1
3983,6
3984,6
3985,2
3986,2
3987,1
3988,3
3989,1
3990,6
3991,2
3992,4
3993,1
3994,1
3995,2
3996,6
3997,4
3998,6
3999,4
4000,1
4001,3
4002,2
4003,2
4004,1
4005,1
4006,6
4007,2
4008,1
4009,1
4010,2
4011,1
4012,4
4013,4
4014,3
4015,4
4016,2
4017,2
4018,6
4019,2
4020,4
4021,6
4022,1
4023,2
4024,4
4025,1
4026,2
4027,6
4028,4
4029,4
4030,3
4031,4
4032,6
4033,2
4034,4
4035,5
4036,5
4037,1
4038,4
4039,3
4040,4
4041,6
4042,4
4043,3
4044,2
4045,1
4046,2
4047,4
4048,6
4049,3
4050,4
4051,3
4052,3
4053,6
4054,6
4055,1
4056,6
4057,2
4058,6
4059,1
4060,3
4061,2
4062,4
4063,1
4064,2
4065,4
4066,4
4067,6
4068,6
4069,3
4070,4
4071,4
4072,4
4073,4
4074,3
4075,3
4076,6
4077,4
4078,1
4079,1
4080,3
4081,1
4082,1
4083,4
4084,4
4085,6
4086,1
4087,6
4088,4
4089,6
4090,1
4091,3
4092,2
4093,2
4094,4
4095,3
4096,6
4097,2
4098,2
4099,1
4100,2
4101,1
4102,1
4103,4
4104,4
4105,3
4106,4
4107,1
4108,4
4109,4
4110,4
4111,2
4112,2
4113,2
4114,2
4115,1
4116,4
4117,1
4118,2
4119,4
4120,1
4121,6
4122,5
4123,4
4124,6
4125,6
4126,4
4127,4
4128,4
4129,4
4130,5
4131,6
4132,6
4133,1
4134,3
4135,2
4136,1
4137,5
4138,4
4139,2
4140,4
4141,2
4142,1
4143,4
4144,1
4145,4
4146,4
4147,4
4148,4
4149,2
4150,4
4151,1
4152,1
4153,4
4154,3
4155,4
4156,4
4157,6
4158,2
4159,2
4160,1
4161,6
4162,5
4163,4
4164,3
4165,4
4166,2
4167,4
4168,1
4169,6
4170,2
4171,1
4172,6
4173,1
4174,4
4175,4
4176,4
4177,4
4178,3
4179,4
4180,6
4181,4
4182,4
4183,2
4184,2
4185,6
4186,1
4187,2
4188,2
4189,4
4190,1
4191,6
4192,1
4193,1
4194,1
4195,6
4196,2
4197,4
4198,5
4199,4
4200,3
4201,1
4202,1
4203,6
4204,6
4205,4
4206,4
4207,1
4208,4
4209,2
4210,4
4211,4
4212,1
4213,4
4214,4
4215,4
4216,1
4217,4
4218,4
4219,6
4220,5
4221,6
4222,2
4223,1
4224,4
4225,2
4226,4
4227,4
4228,1
4229,4
4230,4
4231,4
4232,4
4233,6
4234,1
4235,1
4236,3
4237,4
4238,1
4239,6
4240,6
4241,2
4242,6
4243,1
4244,4
4245,6
4246,4
4247,4
4248,1
4249,6
4250,2
4251,6
4252,2
4253,3
4254,3
4255,1
4256,4
4257,4
4258,6
4259,4
4260,4
4261,6
4262,6
4263,2
4264,1
4265,6
4266,3
4267,4
4268,4
4269,2
4270,4
4271,6
4272,4
4273,1
4274,4
4275,4
4276,6
4277,4
4278,2
4279,1
4280,6
4281,3
4282,4
4283,6
4284,4
4285,6
4286,6
4287,2
4288,4
4289,4
4290,3
4291,6
4292,3
4293,6
4294,2
4295,1
4296,1
4297,2
4298,4
4299,4
4300,1
4301,4
4302,4
4303,1
4304,4
4305,1
4306,6
4307,4
4308,5
4309,2
4310,3
4311,4
4312,6
4313,4
4314,3
4315,3
4316,4
4317,4
4318,3
4319,3
4320,6
4321,6
4322,1
4323,1
4324,2
4325,2
4326,1
4327,2
4328,1
4329,4
4330,4
4331,1
4332,6
4333,4
4334,3
4335,6
4336,1
4337,1
4338,3
4339,1
4340,4
4341,1
4342,4
4343,3
4344,3
4345,1
4346,6
4347,4
4348,2
4349,2
4350,6
4351,6
4352,1
4353,1
4354,2
4355,2
4356,3
4357,6
4358,4
4359,1
4360,6
4361,4
4362,1
4363,2
4364,1
4365,4
4366,6
4367,3
4368,4
4369,6
4370,1
4371,4
4372,1
4373,2
4374,4
4375,1
4376,4
4377,4
4378,4
4379,4
4380,3
4381,2
4382,3
4383,3
4384,6
4385,3
4386,1
4387,4
4388,4
4389,1
4390,1
4391,4
4392,3
4393,6
4394,6
4395,2
4396,4
4397,5
4398,3
4399,4
4400,1
4401,1
4402,6
4403,4
4404,4
4405,1
4406,1
4407,4
4408,6
4409,4
4410,4
4411,3
4412,1
4413,2
4414,3
4415,6
4416,3
4417,1
4418,6
4419,5
4420,1
4421,4
4422,1
4423,4
4424,6
4425,6
4426,2
4427,4
4428,2
4429,4
4430,2
4431,4
4432,4
4433,3
4434,1
4435,6
4436,4
4437,2
4438,2
4439,6
4440,2
4441,3
4442,1
4443,1
4444,4
4445,1
4446,4
4447,6
4448,3
4449,1
4450,1
4451,5
4452,4
4453,2
4454,4
4455,4
4456,1
4457,1
4458,2
4459,2
4460,4
4461,6
4462,4
4463,2
4464,2
4465,2
4466,5
4467,6
4468,2
4469,3
4470,1
4471,6
4472,1
4473,4
4474,2
4475,2
4476,1
4477,3
4478,4
4479,1
4480,1
4481,4
4482,1
4483,4
4484,4
4485,4
4486,4
4487,4
4488,2
4489,6
4490,1
4491,1
4492,2
4493,4
4494,6
4495,4
4496,4
4497,4
4498,4
4499,5
4500,2
4501,4
4502,2
4503,5
4504,6
4505,4
4506,2
4507,4
4508,4
4509,4
4510,5
4511,4
4512,3
4513,3
4514,3
4515,1
4516,1
4517,6
4518,1
4519,4
4520,2
4521,1
4522,2
4523,1
4524,2
4525,4
4526,2
4527,4
4528,1
4529,6
4530,1
4531,1
4532,6
4533,4
4534,1
4535,4
4536,4
4537,4
4538,4
4539,1
4540,4
4541,3
4542,4
4543,1
4544,1
4545,2
4546,3
4547,1
4548,5
4549,6
4550,4
4551,1
4552,2
4553,6
4554,4
4555,3
4556,3
4557,6
4558,2
4559,1
4560,3
4561,1
4562,2
4563,2
4564,2
4565,6
4566,1
4567,4
4568,6
4569,3
4570,1
4571,3
4572,2
4573,6
4574,4
4575,4
4576,2
4577,6
4578,4
4579,1
4580,2
4581,4
4582,4
4583,6
4584,6
4585,4
4586,6
4587,3
4588,4
4589,4
4590,1
4591,6
4592,3
4593,6
4594,1
4595,3
4596,1
4597,1
4598,1
4599,4
4600,6
4601,2
4602,2
4603,6
4604,2
4605,6
4606,1
4607,2
4608,3
4609,1
4610,6
4611,1
4612,2
4613,4
4614,1
4615,1
4616,4
4617,3
4618,4
4619,1
4620,6
4621,6
4622,3
4623,4
4624,4
4625,6
4626,2
4627,3
4628,6
4629,4
4630,1
4631,1
4632,6
4633,4
4634,2
4635,4
4636,5
4637,4
4638,4
4639,6
4640,1
4641,1
4642,1
4643,3
4644,4
4645,1
4646,6
4647,6
4648,6
4649,1
4650,4
4651,4
4652,2
4653,6
4654,3
4655,4
4656,4
4657,2
4658,4
4659,4
4660,3
4661,4
4662,2
4663,4
4664,4
4665,1
4666,6
4667,1
4668,3
4669,6
4670,4
4671,4
4672,4
4673,3
4674,6
4675,2
4676,2
4677,6
4678,1
4679,3
4680,3
4681,1
4682,2
4683,4
4684,4
4685,4
4686,3
4687,5
4688,4
4689,2
4690,1
4691,1
4692,1
4693,2
4694,1
4695,4
4696,1
4697,1
4698,1
4699,4
4700,2
4701,6
4702,5
4703,4
4704,6
4705,4
4706,1
4707,6
4708,2
4709,6
4710,3
4711,4
4712,6
4713,4
4714,4
4715,3
4716,6
4717,6
4718,6
4719,4
4720,4
4721,4
4722,6
4723,3
4724,2
4725,4
4726,6
4727,1
4728,3
4729,4
4730,1
4731,6
4732,1
4733,6
4734,1
4735,4
4736,4
4737,4
4738,1
4739,1
4740,1
4741,1
4742,1
4743,2
4744,6
4745,2
4746,2
4747,2
4748,4
4749,4
4750,6
4751,6
4752,4
4753,4
4754,2
4755,1
4756,2
4757,1
4758,4
4759,3
4760,6
4761,4
4762,5
4763,4
4764,4
4765,4
4766,2
4767,2
4768,1
4769,4
4770,3
4771,4
4772,6
4773,4
4774,2
4775,4
4776,4
4777,2
4778,3
4779,4
4780,2
4781,5
4782,1
4783,4
4784,5
4785,2
4786,1
4787,6
4788,6
4789,3
4790,6
4791,2
4792,2
4793,4
4794,6
4795,2
4796,3
4797,1
4798,2
4799,4
4800,2
4801,2
4802,6
4803,6
4804,3
4805,5
4806,3
4807,3
4808,2
4809,2
4810,6
4811,4
4812,4
4813,1
4814,4
4815,4
4816,1
4817,2
4818,1
4819,4
4820,3
4821,3
4822,1
4823,6
4824,4
4825,1
4826,1
4827,1
4828,2
4829,2
4830,1
4831,6
4832,4
4833,6
4834,2
4835,5
4836,6
4837,1
4838,4
4839,6
4840,3
4841,1
4842,1
4843,5
4844,1
4845,6
4846,4
4847,2
4848,2
4849,3
4850,4
4851,1
4852,3
4853,1
4854,6
4855,1
4856,1
4857,5
4858,4
4859,6
4860,6
4861,6
4862,1
4863,2
4864,4
4865,1
4866,3
4867,4
4868,6
4869,6
4870,1
4871,2
4872,4
4873,1
4874,4
4875,4
4876,3
4877,1
4878,4
4879,3
4880,3
4881,3
4882,3
4883,3
4884,1
4885,1
4886,3
4887,4
4888,4
4889,1
4890,6
4891,4
4892,4
4893,3
4894,4
4895,3
4896,6
4897,4
4898,1
4899,4
4900,6
4901,4
4902,6
4903,4
4904,3
4905,2
4906,5
4907,6
4908,4
4909,1
4910,4
4911,4
4912,1
4913,6
4914,4
4915,1
4916,6
4917,1
4918,4
4919,4
4920,6
4921,1
4922,6
4923,4
4924,4
4925,6
4926,6
4927,1
4928,4
4929,2
4930,1
4931,2
4932,6
4933,1
4934,2
4935,1
4936,6
4937,1
4938,4
4939,4
4940,4
4941,4
4942,6
4943,2
4944,1
4945,1
4946,1
4947,4
4948,2
4949,5
4950,4
4951,4
4952,6
4953,1
4954,3
4955,6
4956,6
4957,2
4958,1
4959,5
4960,1
4961,6
4962,6
4963,4
4964,6
4965,1
4966,2
4967,3
4968,4
4969,6
4970,4
4971,4
4972,1
4973,2
4974,4
4975,1
4976,1
4977,1
4978,6
4979,5
4980,1
4981,4
4982,4
4983,6
4984,3
4985,6
4986,2
4987,1
4988,3
4989,1
4990,2
4991,4
4992,3
4993,4
4994,1
4995,2
4996,1
4997,4
4998,6
4999,4
5000,1
5001,4
5002,4
5003,6
5004,5
5005,5
5006,1
5007,1
5008,1
5009,6
5010,4
5011,4
5012,6
5013,6
5014,4
5015,6
5016,4
5017,4
5018,4
5019,6
5020,4
5021,2
5022,5
5023,1
5024,6
5025,6
5026,4
5027,5
5028,2
5029,1
5030,6
5031,3
5032,5
5033,3
5034,4
5035,4
5036,6
5037,6
5038,5
5039,2
5040,1
5041,2
5042,6
5043,4
5044,6
5045,4
5046,6
5047,3
5048,2
5049,3
5050,1
5051,1
5052,4
5053,1
5054,4
5055,4
5056,5
5057,4
5058,4
5059,4
5060,4
5061,1
5062,4
5063,4
5064,6
5065,2
5066,4
5067,5
5068,4
5069,2
5070,2
5071,3
5072,3
5073,1
5074,1
5075,1
5076,1
5077,6
5078,2
5079,4
5080,2
5081,5
5082,4
5083,4
5084,4
5085,6
5086,6
5087,6
5088,2
5089,4
5090,2
5091,1
5092,6
5093,3
5094,1
5095,4
5096,1
5097,4
5098,6
5099,1
5100,2
5101,4
5102,1
5103,2
5104,6
5105,6
5106,5
5107,1
5108,4
5109,3
5110,2
5111,4
5112,3
5113,5
5114,4
5115,1
5116,1
5117,1
5118,6
5119,3
5120,3
5121,4
5122,3
5123,3
5124,2
5125,4
5126,4
5127,6
5128,5
5129,1
5130,2
5131,3
5132,5
5133,4
5134,6
5135,3
5136,4
5137,4
5138,1
5139,6
5140,4
5141,2
5142,3
5143,4
5144,1
5145,1
5146,2
5147,4
5148,1
5149,4
5150,4
5151,1
5152,4
5153,4
5154,1
5155,1
5156,3
5157,4
5158,6
5159,4
5160,4
5161,6
5162,6
5163,4
5164,5
5165,4
5166,1
5167,6
5168,4
5169,6
5170,2
5171,1
5172,1
5173,4
5174,1
5175,6
5176,6
5177,1
5178,4
5179,4
5180,4
5181,3
5182,4
5183,1
5184,4
5185,1
5186,1
5187,4
5188,4
5189,2
5190,4
5191,3
5192,2
5193,2
5194,1
5195,1
5196,1
5197,4
5198,6
5199,1
5200,2
5201,1
5202,1
5203,6
5204,1
5205,3
5206,1
5207,2
5208,1
5209,3
5210,4
5211,2
5212,4
5213,6
5214,4
5215,1
5216,1
5217,6
5218,6
5219,4
5220,1
5221,1
5222,6
5223,3
5224,1
5225,6
5226,1
5227,1
5228,6
5229,1
5230,1
5231,4
5232,4
5233,4
5234,2
5235,6
5236,6
5237,1
5238,3
5239,4
5240,2
5241,1
5242,6
5243,1
5244,1
5245,2
5246,1
5247,4
5248,6
5249,5
5250,4
5251,4
5252,2
5253,6
5254,6
5255,2
5256,1
5257,6
5258,1
5259,3
5260,2
5261,4
5262,1
5263,3
5264,2
5265,6
5266,6
5267,4
5268,3
5269,1
5270,2
5271,1
5272,6
5273,3
5274,2
5275,2
5276,4
5277,2
5278,4
5279,1
5280,6
5281,6
5282,4
5283,2
5284,4
5285,4
5286,3
5287,2
5288,3
5289,1
5290,1
5291,4
5292,4
5293,1
5294,1
5295,4
5296,1
5297,6
5298,2
5299,4
5300,3
5301,4
5302,2
5303,1
5304,4
5305,4
5306,6
5307,6
5308,1
5309,4
5310,3
5311,5
5312,1
5313,5
5314,1
5315,4
5316,2
5317,4
5318,4
5319,5
5320,1
5321,1
5322,5
5323,2
5324,4
5325,4
5326,4
5327,3
5328,1
5329,6
5330,1
5331,4
5332,1
5333,1
5334,2
5335,4
5336,2
5337,6
5338,6
5339,2
5340,2
5341,2
5342,4
5343,4
5344,1
5345,1
5346,6
5347,3
5348,1
5349,2
5350,4
5351,1
5352,2
5353,6
5354,3
5355,2
5356,6
5357,2
5358,4
5359,1
5360,4
5361,4
5362,4
5363,6
5364,6
5365,2
5366,4
5367,6
5368,6
5369,2
5370,3
5371,4
5372,4
5373,6
5374,4
5375,6
5376,4
5377,4
5378,2
5379,1
5380,4
5381,2
5382,6
5383,4
5384,2
5385,3
5386,1
5387,2
5388,1
5389,5
5390,3
5391,2
5392,4
5393,6
5394,2
5395,6
5396,3
5397,4
5398,5
5399,2
5400,4
5401,3
5402,3
5403,1
5404,1
5405,6
5406,6
5407,4
5408,1
5409,4
5410,4
5411,6
5412,6
5413,1
5414,4
5415,4
5416,4
5417,2
5418,2
5419,1
5420,6
5421,3
5422,1
5423,4
5424,2
5425,3
5426,1
5427,4
5428,4
5429,3
5430,4
5431,4
5432,4
5433,3
5434,1
5435,4
5436,1
5437,2
5438,2
5439,4
5440,6
5441,5
5442,5
5443,6
5444,3
5445,6
5446,4
5447,3
5448,2
5449,1
5450,4
5451,1
5452,3
5453,3
5454,1
5455,1
5456,2
5457,3
5458,1
5459,4
5460,5
5461,6
5462,4
5463,1
5464,6
5465,5
5466,1
5467,4
5468,6
5469,1
5470,4
5471,2
5472,1
5473,3
5474,4
5475,4
5476,4
5477,6
5478,2
5479,4
5480,1
5481,4
5482,4
5483,1
5484,6
5485,4
5486,1
5487,1
5488,4
5489,4
5490,4
5491,1
5492,4
5493,3
5494,4
5495,4
5496,1
5497,6
5498,6
5499,3
5500,2
5501,6
5502,3
5503,3
5504,3
5505,6
5506,1
5507,1
5508,6
5509,4
5510,6
5511,4
5512,4
5513,4
5514,4
5515,4
5516,1
5517,1
5518,4
5519,1
5520,4
5521,2
5522,1
5523,2
5524,6
5525,4
5526,1
5527,2
5528,4
5529,4
5530,4
5531,4
5532,6
5533,2
5534,4
5535,3
5536,4
5537,1
5538,2
5539,1
5540,6
5541,2
5542,6
5543,6
5544,4
5545,1
5546,6
5547,4
5548,6
5549,4
5550,2
5551,4
5552,4
5553,2
5554,1
5555,6
5556,5
5557,4
5558,6
5559,3
5560,2
5561,1
5562,6
5563,3
5564,2
5565,1
5566,4
5567,5
5568,4
5569,4
5570,1
5571,5
5572,4
5573,2
5574,3
5575,6
5576,1
5577,3
5578,6
5579,6
5580,4